{
"wavelength":[446.100006,  456.700012,  472.200012,  487.500000,  502.200012,  517.700012,
  533.299988,  548.700012,  563.700012,  578.799988,  594.099976,  609.500000,
  625.000000,  640.200012,  655.299988,  670.400024,  685.599976,  701.000000,
  716.200012,  731.200012,  746.299988,  761.500000,  776.500000,  791.400024,
  806.599976,  821.799988,  836.900024,  852.200012,  867.400024,  882.500000,
  874.599976,  891.200012,  907.599976,  923.700012,  939.700012,  955.599976,
  971.299988,  987.200012, 1002.900024, 1018.500000, 1034.199951, 1049.699951,
 1064.900024, 1080.199951, 1095.300049, 1110.300049, 1125.300049, 1140.099976,
 1154.800049, 1169.400024, 1184.099976, 1198.599976, 1213.000000, 1227.300049,
 1241.699951, 1256.099976, 1270.199951, 1284.199951, 1298.400024, 1312.500000,
 1326.599976, 1340.099976, 1403.599976, 1418.000000, 1431.900024, 1445.900024,
 1459.900024, 1473.900024, 1487.699951, 1501.199951, 1514.599976, 1527.900024,
 1541.400024, 1554.699951, 1567.800049, 1580.699951, 1593.599976, 1606.500000,
 1619.300049, 1632.099976, 1644.699951, 1657.199951, 1669.500000, 1681.699951,
 1694.000000, 1706.400024, 1718.500000, 1730.500000, 1742.500000, 1754.599976,
 1766.300049, 1778.000000, 1789.800049, 1801.500000, 1948.199951, 1967.099976,
 1985.900024, 2004.599976, 2023.000000, 2041.699951, 2060.300049, 2078.500000,
 2096.300049, 2114.000000, 2131.600098, 2149.300049, 2166.899902, 2184.000000,
 2200.699951, 2218.899902, 2235.500000, 2252.899902, 2270.000000, 2286.699951,
 2303.199951, 2319.500000, 2335.600098, 2351.899902, 2368.100098, 2384.300049,
 2400.100098, 2415.800049, 2431.300049, 2446.699951, 2462.300049, 2477.800049],
"fwhm":[15.000000, 15.100000, 17.000000, 16.000000, 16.200001, 16.100000, 16.400000,
 15.900000, 15.600000, 15.800000, 15.700000, 16.000000, 15.800000, 15.600000,
 15.300000, 15.500000, 15.900000, 15.600000, 15.500000, 15.300000, 15.700000,
 15.400000, 15.100000, 15.300000, 15.600000, 15.600000, 15.700000, 16.200001,
 16.200001, 16.000000, 17.200001, 16.799999, 17.000000, 17.000000, 16.600000,
 16.600000, 16.500000, 16.299999, 16.100000, 16.400000, 16.299999, 15.800000,
 15.900000, 16.100000, 15.800000, 15.600000, 15.800000, 15.600000, 15.400000,
 15.400000, 15.800000, 15.400000, 15.300000, 15.600000, 15.700000, 15.400000,
 15.300000, 15.600000, 15.600000, 15.700000, 15.400000, 15.300000, 16.400000,
 16.299999, 16.299999, 16.900000, 16.600000, 16.400000, 16.700001, 16.700001,
 16.500000, 16.400000, 17.100000, 16.799999, 16.600000, 16.400000, 16.799999,
 16.600000, 16.299999, 16.299999, 16.600000, 16.299999, 15.900000, 15.800000,
 16.100000, 15.900000, 15.400000, 15.100000, 15.500000, 15.100000, 14.900000,
 14.600000, 14.800000, 14.600000, 20.600000, 21.200001, 21.000000, 21.100000,
 21.299999, 21.400000, 20.500000, 20.500000, 20.000000, 20.400000, 19.900000,
 20.200001, 19.700001, 19.000000, 19.200001, 19.400000, 18.900000, 19.900000,
 18.700001, 19.000000, 18.400000, 17.900000, 18.299999, 18.200001, 18.400000,
 18.100000, 17.700001, 17.600000, 17.200001, 17.400000, 17.600000, 17.100000]
}

